username;view_count;like_count;comment_count;save_count;engagement_rate_influencer
...anddy_;51123200.0;6303912.0;44324.0;722172.0;10.493096108597285
1_alkaisr_1;4680500.0;461197.0;4852.0;26103.0;7.6682291
1h__aa;2207481.0;81681.0;3374.0;5147.0;9.620206391752577
1spdr;10143000.0;320500.0;6429.0;21414.0;10.394714301075268
2ndshuichiro;15457900.0;525727.0;3111.0;19112.0;17.38751921875
433;97951600.0;8236200.0;38283.0;672651.0;46.72643721311476
_andrewcurtiss;17009200.0;1850400.0;43537.0;200500.0;32.83028113636364
_angelomarasigan;29224100.0;1624900.0;5755.0;85371.0;1581.404623655914
_catben_;5067400.0;494500.0;2649.0;23682.0;24.40044726384365
_lilg4;699200.0;43884.0;393.0;1667.0;19.902710619469026
_raichouuofficial;43319200.0;4406839.0;28991.0;230429.0;11.49896213592233
_rl9;52900000.0;3843900.0;53800.0;78100.0;39.698005235602096
_shaz;1146800.0;147906.0;489.0;5490.0;26.375365657894736
_taylorfrankiepaul;61028.0;546.0;8.0;17.0;4.329272640449438
_vector_;42700000.0;1327700.0;15578.0;231100.0;533.6687927565392
abbduuu21;218607800.0;7508771.0;91678.0;323969.0;31.684940508474575
abbieherbert;37207000.0;3287300.0;4374.0;97022.0;15.035832177668107
abir.sag;359500000.0;30527800.0;247873.0;992500.0;52.701616904761906
abo.zizo;67900000.0;2721800.0;13986.0;139268.0;13.464823742331289
abo_qamae;20903200.0;1524400.0;22920.0;131896.0;36.063392
adamalhidayat;5318600.0;344200.0;2073.0;17537.0;9.363966071428571
adamrayokay;846900.0;142900.0;623.0;3149.0;12.582283835616439
adamw;3720600.0;429200.0;2251.0;18688.0;15.305533157894736
addisonre;45100000.0;1937000.0;7298.0;122000.0;26.708962471910112
adinross;87300000.0;10200000.0;98184.0;518900.0;29.431351460674158
adrian.uribe;58786700.0;4032301.0;11301.0;113729.0;27.848471024734984
adrianbliss;15400000.0;1622400.0;4997.0;72560.0;50.22661173267327
agilmarferreira;461000.0;72100.0;1554.0;2019.0;40.16294062043796
agnesmelo_oficial;62327826.0;5404147.0;38489.0;150355.0;17.522492699115045
agustinlocutor;2061200.0;184890.0;1175.0;21586.0;17.2337484765625
ahmed_hosni1;1193200.0;148300.0;2008.0;26630.0;62.04078275949367
ailaloures;2287000.0;359272.0;2734.0;10306.0;5.7524565815324165
ailaughatmyownjokes;5801700.0;1207100.0;4068.0;115000.0;24.66120347826087
akuansellma;11629400.0;1212962.0;5320.0;25184.0;30.124484186915886
albert_cancook;3507300.0;413600.0;971.0;32055.0;11.522403333333333
aleatoriamente7777;6486100.0;1291000.0;18844.0;70254.0;12.227999411764706
alebardo19;40540800.0;7524642.0;32113.0;666713.0;30.506604333333332
alejandrosago;25193200.0;2617900.0;4887.0;132740.0;76.07479093729373
alex.boychuck;935100.0;69058.0;480.0;4682.0;14.727644
alexwaarren;22300000.0;3228700.0;6081.0;167500.0;45.64614200892857
alfyfatmasaga;97100000.0;6999500.0;73164.0;243790.0;21.363003312883436
ali.klose11;45018100.0;2869500.0;73264.0;196811.0;69.680109375
ali.samir11;9000000.0;871500.0;11818.0;33401.0;39.334558659793814
allan_jeon;2663300.0;430465.0;2259.0;24587.0;14.457748461538461
allanpendong4;1897900.0;75051.0;3016.0;4047.0;17.052915638888887
alpha.pookie;2629500.0;374200.0;3702.0;28636.0;46.558270285714286
amauryguichon;24800000.0;2535300.0;14830.0;102700.0;41.6574024
amielgarciami;39815700.0;2187300.0;18202.0;92071.0;54.67593328125
amizahnadin;3374700.0;536700.0;3335.0;24548.0;43.919802299270074
amroqarawe;4634300.0;158416.0;1997.0;12652.0;17.165789554455447
anaalvarez;6907416.0;499406.0;1884.0;126431.0;17.28394707920792
analisseworld;8251200.0;1274400.0;5340.0;85069.0;29.358810661157026
analuciadominguezactriz;51797500.0;2174800.0;11746.0;77270.0;36.55521657142857
anaraquelhz;8300000.0;643500.0;6218.0;66102.0;23.673362962962962
anas_elshayib;30200000.0;954300.0;15735.0;49785.0;27.75862095238095
anas_fikry;3685400.0;200300.0;2599.0;8881.0;22.72487843137255
andramrtani;6020200.0;364400.0;3206.0;9752.0;78.6285345751634
andreecuadros;618200.0;106000.0;711.0;6507.0;22.544363529411765
andreefrm3;1153121.0;266415.0;1324.0;40330.0;11.471777272727273
andresgjohnson;29700000.0;5403400.0;23649.0;199800.0;7.439610491132333
andrewlepage23;3766700.0;339706.0;335.0;4482.0;13.847482481203008
andrewrousso;1405500.0;252300.0;3048.0;20012.0;3.8571333333333335
andy.and.michelle;182124300.0;23617600.0;103869.0;824849.0;63.95225417974322
andydesu;727380.0;82827.0;457.0;4448.0;25.23480081967213
andyslife247;91624800.0;8709056.0;92051.0;421853.0;23.597990943396226
angelaaguilar_;13196700.0;1007500.0;8016.0;33772.0;246.53622509755596
angelramirezv;5935000.0;382000.0;4002.0;11873.0;58.450875
anggun_supriadi91;943100.0;35859.0;1184.0;2159.0;310.1167953667954
anna..paull;14100000.0;2081500.0;14798.0;59415.0;22.845702166666666
annecurtissmith;41684700.0;5521600.0;16443.0;214509.0;54.48364380952381
anokhinalz;9662500.0;453020.0;5209.0;29453.0;42.665615555555554
antourny;1345800.0;165456.0;1916.0;5763.0;54.2354621875
anuel;43500000.0;3208500.0;36341.0;218900.0;88.3372362716763
anwar;20500000.0;1955300.0;13243.0;153800.0;24.143821627056674
anxietycouple;5218800.0;477500.0;3359.0;54776.0;35.139269241982504
areyoukiddingtv;148762500.0;26462000.0;92928.0;935302.0;35.64771328125
argento_oficial;6913175.0;676899.0;3164.0;32564.0;15.948738977272727
arigameplays;599300.0;114000.0;1585.0;11954.0;54.13950615979381
armando_netto;2149400.0;222211.0;1486.0;10079.0;36.913050763358775
artbydemarcusshawn;1388800.0;231382.0;2342.0;10676.0;30.956149705882353
artemmodelka;10263600.0;397000.0;2678.0;15144.0;39.45563860527837
artistadasencasa;3557300.0;157170.0;1184.0;9600.0;9.624012
ashraf_alalmei;45093500.0;1410900.0;6416.0;78483.0;27.44459975
asmr_pote;239029000.0;19198602.0;479407.0;2005791.0;39.94298619266055
attahalilintar;100641500.0;7903488.0;73889.0;194539.0;23.99781907990315
augustogimenez;180568300.0;14775700.0;35333.0;345721.0;154.74953857142856
aureliehermansyahatta;9759300.0;647800.0;2437.0;13342.0;25.347704176245212
aurikatariina;308627800.0;24349400.0;276460.0;738047.0;195.40074419354838
avani;733900.0;127555.0;520.0;5101.0;27.508248979591837
avascreams;8244400.0;2119600.0;15106.0;148268.0;21.797735925925927
awakbyapern;171146.0;344.0;9.0;25.0;9.758146153846154
axelviewoficial;52930900.0;6102837.0;26618.0;359675.0;25.22312103965702
axelwebber;17200000.0;1975100.0;4351.0;49433.0;35.72800602712205
axxdermusic;102460.0;10310.0;366.0;690.0;31.288225714285716
ayanakamachi;9700000.0;666900.0;2240.0;14407.0;20.73309036231884
ayanakamura;8658500.0;959500.0;7156.0;41979.0;45.68521513157895
aydas;5478800.0;286700.0;1732.0;18508.0;49.93467826086957
ayesebastien;7624000.0;1643000.0;2041.0;42956.0;78.11903129032258
aylivaofficial;24800000.0;3159400.0;69178.0;298400.0;41.675019024390245
azelmusic;76300000.0;7986100.0;76985.0;875400.0;14.808206100628931
b.blek;15300000.0;1077700.0;7710.0;50237.0;34.909785102040814
babyziela;29224300.0;1341993.0;22087.0;119938.0;45.63176308139535
badboyrema;1971400.0;144980.0;3424.0;6719.0;27.25211064516129
baldybrobryzxz;48100000.0;2891000.0;13224.0;91986.0;46.9641042
barak.ff;3573464.0;420905.0;11442.0;48235.0;7.9498354867256635
barbaracoura;1184900.0;272903.0;1989.0;8590.0;26.24811625
bayashi.tiktok;442100000.0;34200600.0;168683.0;1844500.0;134.22588416666667
beca;1243700.0;188600.0;1715.0;6848.0;27.720391100917432
beiu789x1999;10579.0;146.0;2.0;15.0;12.850601720430108
bellaamtz;79911000.0;15600559.0;61178.0;568833.0;42.354040576923076
bellacampox;6032400.0;542500.0;2014.0;14966.0;25.931250980392157
bellapoarch;17400000.0;1084200.0;19738.0;36294.0;26.77967737704918
benjikrol;871900.0;148500.0;1787.0;12261.0;35.070328800988875
bequietjoe;2304800.0;241318.0;896.0;5525.0;27.651453493150687
bessan_esmail;10746700.0;915100.0;16478.0;71687.0;10.523275042016806
bigchungus_.tik;25316100.0;1505700.0;8972.0;69747.0;60.05577588235294
bigtugg;2612900.0;445100.0;5022.0;23203.0;41.970202922077924
bilalahy;6262893.0;622612.0;3989.0;53700.0;25.403430333333333
billieeilish;69100000.0;9015000.0;83500.0;437600.0;87.74645454545454
binochemtienganh;9476500.0;516174.0;3209.0;8143.0;75.9335855319149
bomanizer;20037500.0;3952000.0;36042.0;234655.0;21.810845
bonecao;6055314.0;1228485.0;22921.0;66421.0;35.3559582300885
boseok751;16245800.0;1650200.0;55312.0;178798.0;7.4035954954954954
botakteras;1381100.0;94100.0;604.0;2579.0;14.2421415
boywithuke;8997300.0;1124800.0;13879.0;97795.0;14.906120645161291
bp_tiktok;33100000.0;3729600.0;31751.0;229600.0;47.97027
bradley.thor;10648500.0;172191.0;4244.0;4702.0;7.23487748308525
bradtheboxer;1933300.0;98008.0;738.0;9399.0;34.07968722222222
brilionaire;89200000.0;8806800.0;34150.0;391900.0;140.26205304413185
brittikitty;186300000.0;19100000.0;81400.0;828200.0;55.18547368421053
brookemonk_;154113900.0;11880816.0;74631.0;940123.0;43.92038147540983
brunoliima019;5540400.0;693800.0;1807.0;22387.0;7.748174385964912
bryan_sanchez___;7461300.0;749400.0;764.0;73382.0;50.89083568
bryan_skabeche;997800.0;110981.0;616.0;2830.0;30.164873210633946
bryansant_;24841100.0;3429755.0;22768.0;66689.0;41.745431381578946
brycehall;2263400.0;291200.0;811.0;6758.0;38.9883876
bu3qeel;18910000.0;819200.0;10983.0;117199.0;32.307438181818185
bungalow_jonathan;14242300.0;1606081.0;16748.0;91740.0;25.552463970037454
burnaboyofficial;22005300.0;2327400.0;14092.0;85739.0;30.2505131
byefarzy;70256200.0;13204901.0;141745.0;1302874.0;49.83378833333333
calebwsimpson;91630100.0;16174600.0;43233.0;910250.0;324.5189980289093
calleypoche;713000.0;144000.0;1175.0;4614.0;37.7635752020202
camidelossan;12567000.0;1689815.0;9886.0;87633.0;23.7389121875
camilacabello;12458500.0;1229600.0;9930.0;49265.0;61.4188414556962
camilo;142257600.0;9403800.0;47207.0;109351.0;115.6228316
campuzanoabelardo;1114200.0;115763.0;1053.0;8756.0;57.35908149425288
canalzezao;100061000.0;3793500.0;39972.0;135477.0;46.79961817204301
caprariu_valentino;531900.0;26075.0;643.0;803.0;30.22290466257669
cardncyn;47800000.0;5986800.0;12476.0;265900.0;45.55598285714286
carenalegria;2448500.0;172693.0;2569.0;6233.0;28.761048606060605
carolcastromx;6166300.0;1145800.0;4384.0;40020.0;23.831629714285715
caseysimpson;4137800.0;841300.0;1944.0;33162.0;10.116620217391304
catherineealicia;9100000.0;907000.0;3472.0;30614.0;18.10317165467626
cbum;3509300.0;280100.0;911.0;13330.0;24.66087431818182
cedricgrolet;20723200.0;2344000.0;8766.0;100856.0;31.38390151898734
cedriklorenzen;2568700.0;271600.0;6653.0;11892.0;15.948071610169492
celinaspookyboo;133639000.0;25174815.0;367089.0;1492257.0;32.14663724770642
cellat36;16000000.0;816400.0;12054.0;35187.0;99.81318450980392
cemresolmaz;1197900.0;60201.0;2508.0;2340.0;21.74240969072165
centralcee;117700000.0;14640800.0;65038.0;593517.0;39.07726678832117
cesarpantoja.n;15900000.0;591000.0;7465.0;15871.0;54.12847922330097
chanderland;46539400.0;6523505.0;26333.0;474010.0;33.088724701986756
charlidamelio;34193600.0;1854000.0;17806.0;67350.0;25.522447958115183
cheekyboyos;47757400.0;5712500.0;25602.0;289324.0;40.09725928571429
chefschwarz;31083400.0;4357000.0;28078.0;365254.0;36.561278918918916
chengkhen2k2;2312000.0;190700.0;823.0;5012.0;72.0680734375
chevdamann;64100.0;10006.0;45.0;342.0;44.671248088235295
chikakiku;1504700.0;83142.0;215.0;3803.0;42.5985348051948
chikn.nuggit;1164400.0;250200.0;2315.0;30018.0;65.40244343855693
chinguamiga;158132500.0;18626700.0;126805.0;606392.0;1135.8467147766323
choukripirate;13493600.0;977400.0;8599.0;61483.0;28.85905339449541
chourouk.model_official;12645100.0;574200.0;2565.0;29969.0;32.5660667368421
chris;22194400.0;2170900.0;10853.0;102691.0;25.983443448275864
chris_thememegod;52500000.0;1635000.0;65163.0;93386.0;35.775845
chriscoquyt;6172800.0;1098869.0;7110.0;23765.0;50.732006097560976
christiaancaarrasco;5201508.0;896400.0;8664.0;51174.0;17.173335223880596
christian_shay;42119518.0;5803152.0;20561.0;283891.0;68.69955965322691
christianchavezreal;1850900.0;176313.0;1894.0;3551.0;59.63430625
christophersturniolo;18800000.0;3101700.0;45996.0;300400.0;26.890282857142857
cindy.or1;25430800.0;3780694.0;16047.0;168792.0;95.36621239583333
cinetimmy;6004800.0;1215527.0;7647.0;238131.0;39.89934569444444
cirowhites1.0;2871400.0;500800.0;2675.0;43860.0;21.715462903225806
claragnds;847500.0;160900.0;1908.0;6375.0;22.051927666666668
claudiaraia;14832300.0;1003162.0;2439.0;20086.0;26.954825
cody.taurus;78817900.0;14400700.0;59874.0;634381.0;31.000949609375
coldcutz20;129664000.0;7901684.0;31118.0;510875.0;43.686295
colinjay_;186000.0;21260.0;114.0;769.0;38.75472858974359
com.yamato0515;48530600.0;2866800.0;25370.0;85727.0;47.06309957142857
conangray;2725300.0;699700.0;9546.0;21815.0;21.765739166666666
connorprice__;85678500.0;14239419.0;40456.0;960391.0;42.935655982142855
cookingwithlynja;7887100.0;1121300.0;3770.0;81945.0;36.252236764705884
cool__bad;1095900.0;78977.0;301.0;3726.0;34.77610850746269
cooperkupp;16633700.0;1488113.0;9160.0;21430.0;45.882145
cravityofficial;4253500.0;308100.0;264.0;10247.0;16.29984197889182
creatingwonders;1634800.0;196500.0;2548.0;26042.0;48.27811791044776
crisdevilgamer7;52245000.0;3084700.0;22226.0;38631.0;17.28736532786885
crissa_ace;78204900.0;6907900.0;39048.0;284759.0;43.56216974025974
cristorata7;28432700.0;2848100.0;22505.0;136766.0;35.95504168141593
cv.wo;14820489.0;644996.0;2628.0;39997.0;15.175409333333333
cznburak;228400000.0;25119000.0;215087.0;967565.0;119.37794307692307
dafnnejm;21271400.0;2799184.0;7359.0;115148.0;42.34279796875
dan_churchill;1395000.0;225037.0;204.0;13732.0;22.02656975609756
dangthuhaf;60597000.0;4454500.0;9174.0;83727.0;33.61720724137931
daniel.labelle;57300000.0;4392800.0;24466.0;241231.0;39.80211
danielarodrice;7361100.0;900700.0;1517.0;20191.0;8.827602666666667
danielswall;31310700.0;4133581.0;25272.0;334376.0;44.6064675
danivallem;46100000.0;3904700.0;41173.0;209267.0;54.820837735849054
dannero;160816900.0;18902414.0;86238.0;1191081.0;59.68411462962963
dannygrubs;4376100.0;614300.0;2277.0;56173.0;21.006398148148147
danythegaggio;6400000.0;858700.0;5926.0;75700.0;17.638950057142857
dapaneyoffcl;35440700.0;4536400.0;6857.0;78751.0;74.89323085714285
darklightcr;19365300.0;86297.0;881.0;1918.0;33.66160301587301
datdo0803;11259600.0;743800.0;4316.0;26778.0;12.118392121212121
datvilla94;8399500.0;446600.0;9408.0;18286.0;32.5454388
davidcstt_;116737000.0;11269200.0;82335.0;412277.0;19.12925974811083
daviddobrik;8269200.0;901500.0;2754.0;17237.0;58.24452801056338
davidyrodriguez;44577800.0;8254000.0;34340.0;302361.0;38.314010520833335
daz_black;79424900.0;15503936.0;94468.0;688372.0;18.78304358974359
ddhivaaaa;33935100.0;2251063.0;6789.0;131569.0;600.9089930555556
ddlovato;1167700.0;139500.0;4592.0;4502.0;15.657105744680852
deborahyowa;85952500.0;3349244.0;20987.0;144394.0;80.00525911764706
decorsnippets;15839400.0;1277200.0;6288.0;90248.0;7.1571689411764705
deiveleonardooficial;490800.0;81100.0;1598.0;4277.0;52.44916875
delaneysayshello;13200000.0;1916800.0;11060.0;62338.0;107916.06504065041
deni.elenaa;127401.0;19026.0;101.0;2367.0;51.50649326086957
dennysumargoreal;18410500.0;1012900.0;7691.0;25625.0;6.0978705263157895
dermdoctor;21598000.0;317700.0;2868.0;15344.0;19.377676103896103
deshawnharrisss;11316100.0;1559500.0;4822.0;41397.0;36.79312557522124
desyortega_;3096.0;161.0;0.0;6.0;12.817120622568094
dilanjaniyar;10900000.0;1080600.0;4305.0;28237.0;33.30383025559496
dilanjaniyar_2;7100000.0;639600.0;7589.0;30435.0;33.50195308600898
dina_kalanta;104525900.0;8068900.0;23937.0;376304.0;64.3304564
dindahw14;10296800.0;577522.0;1560.0;20832.0;49.7559975
dinosonso_ofc;64938500.0;8415700.0;217764.0;186844.0;4274.948235294118
divabry;5879600.0;979900.0;10314.0;74239.0;17.18490588888889
dixiedamelio;4180700.0;357200.0;1820.0;6652.0;24.772611466666667
djadoni;33556200.0;1692953.0;6339.0;112994.0;26.15592882022472
dobretwins;189623600.0;11003700.0;51962.0;276113.0;375.9566647597254
docdami;15714700.0;2399453.0;10134.0;118192.0;37.70323856733524
doctormiguelpadilla;5349600.0;827000.0;5534.0;96458.0;24.381449
domelipa;52700000.0;7416300.0;39117.0;265784.0;17.958489574468086
doombreaker03;4277400.0;564200.0;1692.0;104994.0;29.092043
douhalaribiii;43400000.0;2784800.0;27693.0;123700.0;253.4247666195191
dovecameron;4478900.0;767800.0;4428.0;23804.0;47.05105984375
drewafualo;2284300.0;563700.0;3828.0;14029.0;25.744795585106385
drphil;20387200.0;100389.0;1979.0;2291.0;39.955631914893615
dudamaryah;2139900.0;304000.0;790.0;15406.0;12.519401212121211
duncanyounot;6802400.0;1501156.0;4402.0;100918.0;29.730775
duolingo;77067700.0;11261100.0;252240.0;364627.0;28.604817058823528
duolingobrasil;53633200.0;7206425.0;178359.0;663406.0;25.771223113207547
duyyy.real.channel;88800000.0;6372900.0;17739.0;163285.0;53.993222857142854
dylan.page;153900000.0;19446300.0;219677.0;1282069.0;47.66693121212121
dylanmulvaney;4456400.0;537800.0;10903.0;10816.0;6.789261282051282
ecrinsucoban;33000000.0;1300900.0;15636.0;93432.0;15.706986280991735
edgar3104;1003000.0;62121.0;967.0;1015.0;50.05446107142857
ediqueixinho;10462700.0;1363300.0;6294.0;31270.0;31.079146861669713
edithxbella;4190300.0;216600.0;549.0;17554.0;8.56381296875
edwinmendozza;4450300.0;698600.0;1261.0;20289.0;10.266155172413793
eebruu____;412223300.0;43383900.0;228061.0;3554053.0;619.6227231289516
ehbeefamily;133115300.0;18613800.0;37223.0;749408.0;51.90195590163935
ekosaputra20;83278200.0;6314703.0;29668.0;220638.0;70.14068272727273
elainebabey;10510200.0;1868213.0;20660.0;107658.0;19.828306785714286
elbernas321;4782554.0;430303.0;4540.0;39765.0;17.806141321839082
eldavidgodoy;44172000.0;2730100.0;14841.0;183135.0;24.855278012422357
elena_oki;51276900.0;9567900.0;28904.0;905931.0;18.958163333333335
elina_karimovaa;49245400.0;7233000.0;73204.0;236366.0;63.41059696969697
elpugaa;7459200.0;963900.0;1994.0;80062.0;85.02426823529412
elsaajapasal;27500000.0;2042300.0;12280.0;84082.0;13.7392724
elsaucepapii;35117800.0;5901530.0;41237.0;347698.0;36.77095769230769
emiliamernes;10900000.0;1358500.0;6313.0;45225.0;63.97464673469388
emillyvickof;119575200.0;8242900.0;25951.0;262287.0;82.52918535714285
emilyfauver;75100000.0;9423400.0;83067.0;322806.0;37.086409413793106
emmanuelmacron;4205700.0;238814.0;17120.0;21203.0;11.084145862068965
emrata;14900000.0;1522100.0;5357.0;47125.0;14.691658095238095
endqiannn031123;2743500.0;194476.0;1136.0;62172.0;59.14027862068966
enhypen;11600000.0;3040500.0;46223.0;326200.0;18.177989401197603
equipedefrance;20883300.0;1922300.0;7459.0;103124.0;34.91385461916462
erabii;39599100.0;2342600.0;16687.0;145073.0;22.521165789473685
erictro;11500000.0;852500.0;748.0;47591.0;22.5376313836478
esen_alva;66319300.0;8910000.0;58878.0;675480.0;52.37753478927203
esnyrrr;53000000.0;6956400.0;89681.0;163500.0;10841.033774160733
esta.pramanita;37500000.0;2290800.0;7900.0;97055.0;45.53388388888889
eufernandamotafarhat;744077.0;32944.0;459.0;439.0;53.244975
eunicetjoaa;78664600.0;4717800.0;42891.0;86869.0;20.716982608695652
eyeout4selen3r;5789700.0;1127500.0;16697.0;48512.0;58.63766964788732
f0urbr0thers;1320200.0;88800.0;281.0;3433.0;17.329051818181817
fabstarden;4583300.0;739618.0;19239.0;94121.0;11.145526829268293
fadiljaidi;3217800.0;481300.0;6651.0;12359.0;43.271574666666666
fahmi.nm;52739700.0;5229300.0;23992.0;160480.0;23377.045534150613
fahryy20;1699200.0;297100.0;2843.0;19926.0;27.13998652173913
falcopunch;37000000.0;4892400.0;18723.0;394900.0;59.674235
fardows4;32468200.0;7166666.0;37158.0;217692.0;30.307676470588234
farhanrn__;14871800.0;1878900.0;21677.0;167769.0;30.40089
farrukoofficialpr;30539800.0;2855094.0;30394.0;150248.0;13.598284385964913
faryanggaa;101348800.0;10262900.0;97723.0;471568.0;24.953961319148934
fatcomedy1;35500000.0;2228600.0;22379.0;64556.0;11.872061494252874
fatkitchens;26213600.0;2553517.0;11936.0;316367.0;17.01643764423077
febrastanty;60610000.0;4101093.0;17194.0;81026.0;20.551915942028984
federalplumbing;44400284.0;2229203.0;4258.0;214200.0;110.32377914424801
fedevigevani;29883400.0;3864700.0;52731.0;212400.0;31.660816451612902
fedez;26000000.0;2408600.0;12068.0;59078.0;22.700369677419356
fela.austin;5204600.0;442700.0;3051.0;34772.0;31.65125813559322
felipenpv;1683900.0;343707.0;3013.0;18763.0;40.532750588235295
ferchugimenez;41600000.0;6876400.0;8607.0;184120.0;39.81426569230769
ferxxo444;7543200.0;1333600.0;5917.0;51600.0;28.350742467532466
fhd.artz;98700000.0;5586500.0;159066.0;516500.0;33.68785316062176
fidias0;2329100.0;185600.0;689.0;9494.0;60.60982075
fionntime;17541800.0;2849300.0;17602.0;235962.0;48.095278709677416
firefighterfenton;18297728.0;1922251.0;7944.0;149946.0;20.841760303030302
firmanskd;759300.0;51059.0;146.0;6700.0;9.884300612244898
first.meet;38624600.0;3371274.0;23765.0;227200.0;34.38436388888889
firstnamechris;14937700.0;1935400.0;34144.0;139953.0;25.2558985
flickerspark_;2577800.0;553600.0;4757.0;21646.0;26.504075413533833
forrestsautoreviews;65671000.0;8728300.0;62623.0;854597.0;42.24003548387097
francoescamillaofficial;2451200.0;326800.0;656.0;15249.0;78.41471553610504
fredziownik_polska;1179800.0;90717.0;403.0;6640.0;46.505189154929575
freyajkt48;15010600.0;181300.0;3385.0;15019.0;12.515490980392157
fritzdoesart;1511500.0;142630.0;716.0;5722.0;27.7079063878327
frnzlynfby;99487000.0;23109189.0;102926.0;1880742.0;34.88666682926829
fueyruss;59584300.0;8127894.0;14876.0;482749.0;14.025806105610561
fujiiian;58868200.0;4630100.0;18624.0;135585.0;8.279958459530025
fukada0318;3803000.0;378100.0;4983.0;9337.0;63.21840952380953
future_millionaires;29103500.0;4917131.0;14773.0;638513.0;23.278393
gabrielabee;8448200.0;921700.0;3492.0;54632.0;22.43261254901961
gaby.rosse;2445300.0;205114.0;793.0;7095.0;84.45569970149253
gakbakaljoget;30798100.0;2179762.0;17358.0;85212.0;18.980562987012988
garett__nolan;27778200.0;5040700.0;19437.0;412102.0;30.524940681818183
garnacho7;45000000.0;4755700.0;40856.0;170700.0;20.86331630769231
gehu.gl;14434300.0;788700.0;12035.0;40642.0;1783.9132621764202
gemelasortega;303200.0;59145.0;167.0;1272.0;12.469759333333334
gensho_yasuda;57830000.0;8049100.0;55307.0;525510.0;188.84899590163934
gheayoubi08;135202765.0;7500526.0;52427.0;105007.0;26.14001047368421
giannis_an34;11677200.0;1071400.0;5612.0;45401.0;12.205133125
gimmeuraddy;72773800.0;4905843.0;17704.0;281275.0;42.951068846153845
gingerbilly1;8369200.0;930154.0;9207.0;63235.0;28.211897714285715
giovannibonaccinii_;3064500.0;488800.0;1357.0;24444.0;19.64359693548387
gkocoach;129559900.0;6530415.0;27013.0;1175129.0;41.79156488888889
good.boy.ollie;111152100.0;20071500.0;106946.0;1041899.0;95.78997105263159
gordeewa__13;3713900.0;272200.0;2166.0;15375.0;33.4577147
gordonramsayofficial;202900000.0;17359600.0;169040.0;1306349.0;67.93493635416667
graciajessicajane;5003400.0;520100.0;1311.0;12301.0;8.71539038961039
graciajkt48;14806700.0;921500.0;4265.0;73490.0;10.07398164556962
grandma_droniak;130000000.0;19674700.0;232898.0;806700.0;175.86279971428573
grannybibbins;19591700.0;1164265.0;5546.0;57990.0;54.6990075
gregoriopernia;128200000.0;7902100.0;53677.0;137797.0;67.56523339622642
guavajuice;104406661.0;7701021.0;112947.0;392559.0;45.89198414965986
gucci_pineapple;546500.0;97114.0;595.0;3164.0;16.977650597014925
guiedits._;170700.0;14447.0;126.0;927.0;15.22709875
gzfoodqood;8416700.0;351100.0;2686.0;53962.0;36.53333615384615
h2woofficial;3755900.0;323800.0;1630.0;10197.0;2.9929841304347824
hadeel.alali;68400000.0;4019300.0;36627.0;109942.0;270.3606265845708
haga_mars;43200000.0;3706300.0;82300.0;246600.0;62.8044898989899
haileesteinfeld;15500000.0;2022300.0;18906.0;121707.0;27.05305176744186
haileybieber;29709900.0;2304900.0;14555.0;140452.0;34.434543846153844
healthy_mandy;23600000.0;958800.0;5864.0;30479.0;57.25757145833333
hendy_salimy;55589.0;2962.0;17.0;222.0;23.585458141067896
herranwalt;4788800.0;508800.0;15361.0;31395.0;45.0222225
hesfinatia;8062400.0;791900.0;3766.0;28534.0;28.318021276595744
hf37777;23000000.0;187100.0;8119.0;146700.0;47.66064253333333
hiib531;44359500.0;3177653.0;27534.0;504476.0;37.55241111111111
hisoyvaleria;2531200.0;430200.0;2756.0;18086.0;8.736006
hoaa.hanassii;207307800.0;16114900.0;84952.0;852773.0;52.41082594936709
homm9k;249805200.0;23134119.0;155419.0;558202.0;79.87662076923077
hotspanishmx;107400000.0;5790200.0;89890.0;334751.0;52.50342236111111
hunterprosper;115474500.0;24205747.0;106629.0;1255160.0;39.60316230337079
hyoga.x;33319900.0;3873200.0;16367.0;279283.0;42.77416502463054
hyunggiii;8052300.0;1556349.0;9569.0;171769.0;20.04664940567259
i_am_doshik1;245300000.0;16996500.0;159816.0;418888.0;165.2516104347826
i_am_young22;29909500.0;3624900.0;20740.0;439191.0;29.979620666666666
iben_ma;12673500.0;671700.0;6560.0;20931.0;34.365575192307695
ibnuwardani;3067400.0;262200.0;2988.0;10330.0;52.99311357142857
ichadude;21839700.0;489314.0;3241.0;23491.0;24.007464269662922
iggydzu;36922900.0;2294392.0;25246.0;149791.0;67.7689953755382
iitsace;1893700.0;128000.0;773.0;5144.0;23.972192851027398
im.camber;47861400.0;5607923.0;23053.0;286443.0;11.464881568627451
im_rawan0;5674200.0;899300.0;13825.0;72589.0;15.752527142857144
imarayulloa78;12803449.0;529085.0;4933.0;34581.0;17.13423121212121
imeyhou;33572100.0;3213500.0;16388.0;138924.0;4818206.0
imlucastho;1919100.0;101700.0;398.0;5737.0;17.98176463414634
imprestonbradley;125725300.0;14001908.0;199819.0;578157.0;29.50367420689655
incorrectlyroce;68884300.0;8526600.0;27383.0;459364.0;39.19473581818182
infamous_wu13;42394700.0;2557000.0;16050.0;217768.0;87.89284972222222
iniganta;11487400.0;1025500.0;14366.0;33413.0;21.188507435897435
inpersa16;93800000.0;6521800.0;33092.0;117282.0;62.704157959183675
ireniusx;102639600.0;16205931.0;43447.0;978406.0;22.89847975409836
isaac.h.p.karaoke.backup;1766800.0;280505.0;5081.0;21679.0;35.69355
isaach.p;4046500.0;564600.0;4261.0;55808.0;24.536638071895425
isaiahgarza;85400000.0;16131400.0;205283.0;1112700.0;41.913131791044776
islasvlogs_;65156400.0;7005359.0;21378.0;354368.0;459.9597109428768
isramy;2605900.0;383000.0;1239.0;23963.0;25.31787043478261
issa_vegas.fit;255800.0;41661.0;211.0;3799.0;7.527504026845637
its.michhh;28848700.0;3660100.0;13362.0;141976.0;21.497145217391303
itsaburob;21300000.0;1058400.0;9615.0;52926.0;1439.1013815789474
itsblasphemus;37601601.0;6398843.0;39579.0;649005.0;60.10618230769231
itsceceh;154026300.0;17818300.0;138556.0;650564.0;437.39138068635276
itsjaylaaw..22;2991580.0;310545.0;461.0;43119.0;17.087096296296295
itsjojosiwa;69292500.0;6863700.0;44404.0;277772.0;36.324521355932205
itskingchris;6600000.0;1295700.0;11055.0;127900.0;28.33628446969697
itsmenicksmithy2;303795700.0;31109512.0;319401.0;1740160.0;67606.28972375691
itspierreboo;1812900.0;248500.0;6038.0;8934.0;32.604630588235295
itspoli_;38497300.0;4917100.0;17342.0;223085.0;45.287003802816905
itssassagurl;25611100.0;2981700.0;21079.0;153340.0;117.7472412387938
itstaylerholder;15348000.0;767193.0;7014.0;43857.0;169.6747435897436
itsyourchel;6548600.0;927434.0;4710.0;86253.0;46.13695611111111
ivanaalawi;84300000.0;8028000.0;40544.0;54754.0;90.33250842105264
ivancornejooo;8700000.0;1662200.0;13882.0;154100.0;28.5335964
ive.official;2153700.0;456600.0;5374.0;21577.0;125.8322604
jackjos3ph;6446300.0;860400.0;6906.0;53564.0;20475.754716981133
jacksepticeye;3370200.0;538400.0;3917.0;38556.0;19.007920625
jacob_oliver;5404736.0;786757.0;15122.0;21092.0;38.90297953216374
jacobday;9993000.0;1535600.0;4676.0;75808.0;26440.254593175854
jadenbahtera;5185200.0;302940.0;1364.0;15574.0;23.465049285714286
jadethirlwall;949300.0;135400.0;3065.0;2911.0;30.904243333333334
jahkhalib;273000.0;21118.0;313.0;1039.0;57.26237984732825
jaiiibruh;2596400.0;303400.0;1052.0;6748.0;38.69517894736842
jailyneojjeda;30933.0;376.0;11.0;21.0;19.596235416666666
jairitosolano;3307300.0;406800.0;1384.0;19912.0;27.82786310559006
jairsanchezzz;4592200.0;819800.0;7308.0;34016.0;40.29926409090909
jakefresca;338274.0;43279.0;403.0;3564.0;26.086307093023255
jakehunterofficial;14767800.0;2330087.0;8526.0;82584.0;44.31950098039216
jakekrantz;83400000.0;20075700.0;138405.0;1145500.0;47.693319565217394
jakethes.d;2489000.0;215062.0;449.0;14585.0;17.70222393939394
jamescharles;28000000.0;2686300.0;8824.0;101469.0;14.272899
jameshenry;39934300.0;595181.0;1557.0;13676.0;30.415844205607478
jannatmirza;147600000.0;9413200.0;106304.0;280300.0;39.01273588235294
japanfriends;50280700.0;4733600.0;5529.0;112701.0;72.39893
jashlem;3016100.0;571100.0;1278.0;23630.0;13.852123835616439
jaxwritessongs;243946900.0;33593700.0;307825.0;1639079.0;56.134543050847455
jayandsharon;9005900.0;1101000.0;8195.0;87353.0;49.66475736526946
jayfujiwara;64500000.0;6323900.0;21321.0;1228700.0;52.87712042372881
jaykindafunny8;76066800.0;6322100.0;27198.0;432900.0;60.160743076923076
jaynagy;36406397.0;3416470.0;19381.0;249148.0;195.78107219007006
jayrscottyy;8022178.0;808489.0;9929.0;25874.0;8.708173181818182
jdiasss_;128340600.0;15147900.0;150781.0;801586.0;56.92711
jdpantoja;75600000.0;5564600.0;101133.0;249300.0;81.14662637931035
jeffwittek;4916700.0;431700.0;1845.0;12820.0;563.6789719626169
jefripradewa;10931700.0;1328200.0;30502.0;144185.0;24.65330389473684
jennialarcon_;1939500.0;329400.0;894.0;5380.0;27.326654699738903
jennychallita;103560100.0;6821176.0;68420.0;426202.0;127.63780130113574
jeromepolin98;34200000.0;3516500.0;67923.0;76194.0;24.678442290502794
jessie.shen;8913300.0;1431700.0;7610.0;83798.0;13.047594545454546
jessnolimit999;133100000.0;12901600.0;366939.0;347871.0;1099.1794851794073
jesusnalgas;14179700.0;1378000.0;7674.0;86140.0;58.076259565350476
jiembamsands;67036.0;2504.0;8.0;312.0;9.14604875
jimena.jimenezr;1448500.0;160300.0;532.0;5525.0;14.8766275
jimmydarts;169889500.0;31509800.0;259678.0;836896.0;70.47185184210527
jimmywells96;62892900.0;9162900.0;109848.0;1187796.0;24.260779047619046
jindaouis;7265700.0;975900.0;9555.0;99568.0;15.46719230496454
jjeverettrose;50505000.0;8043000.0;48815.0;770105.0;32.157007407407406
jkartsoccer_tiktok;16650900.0;1489100.0;1393.0;237115.0;132.92693149107657
jlo;29733300.0;2012600.0;29265.0;45766.0;86.87521383315733
jmartineze_;553600.0;67506.0;602.0;2393.0;9.82172493276988
joaodoce;82525300.0;5737900.0;50817.0;346685.0;51.84251209302325
joaoferdnan;7480900.0;1281000.0;19315.0;47453.0;15.734425956738768
joe.bartolozzi;2180100.0;343500.0;4251.0;31238.0;14.930798428571428
joelbergs;139900000.0;20674600.0;113886.0;746900.0;882.4714993954051
joerauth_;5081000.0;1077300.0;2746.0;65356.0;37.94196230769231
johaanzu;6839300.0;708800.0;11808.0;54444.0;17.790447719298246
johnsonfiles;4187335.0;585870.0;6278.0;24682.0;336.5996153846154
jolly_good_ginger;15488400.0;1292900.0;21428.0;43806.0;22.74641376884422
jombospice;2739000.0;241900.0;2184.0;13869.0;16.14524735729387
jonata_26;2121300.0;404635.0;1772.0;20545.0;45.721551516853935
jongmineyo;1047400.0;109116.0;870.0;3572.0;86.73678946666666
jordanavucetic;1929600.0;301088.0;4843.0;10458.0;61.995080446428574
jorgito_guayaco_o;2930100.0;120605.0;1151.0;8146.0;24.636762763157893
jorgitoparrillero;32167400.0;2087088.0;5362.0;190426.0;114776.0780141844
jose_arrt;1227200.0;19645.0;723.0;1296.0;13.85545913580247
jostyle_17;625500.0;76065.0;4164.0;3260.0;42.40966055865922
joycaledelire;4145400.0;402700.0;2123.0;22758.0;26.423889096774193
juandamc;30100000.0;6531300.0;23753.0;345900.0;19.226742647849463
jubiandxian;106600000.0;13783700.0;51237.0;459386.0;38.961825784313724
jujumaoo;9964600.0;988900.0;3897.0;71069.0;13.734466545454545
julesleblanc;6322000.0;1238100.0;5199.0;41290.0;76.57894996183207
juliagisella;178900000.0;30313300.0;215641.0;1151600.0;44.408405125
juliano;95789400.0;8507500.0;33920.0;284698.0;65.89185851851852
juliapuzzuoli;61563500.0;7046714.0;57838.0;146409.0;58.902087882352944
julieevlorentzen;47628500.0;7481600.0;11084.0;326899.0;30.941949130434782
jumpersjump;96447300.0;10131600.0;52105.0;668188.0;106.21623117647059
junpei.zaki;881300.0;51738.0;13147.0;6310.0;29.014316483516485
justicia_y_verdad;34963800.0;2847238.0;48252.0;336272.0;38.546820952380955
justthenobodys;4692700.0;261200.0;2403.0;32285.0;56.84246266666667
jvke;36741700.0;5087700.0;24236.0;297607.0;51.134625696202534
jzgarcia;3211400.0;635800.0;1297.0;67478.0;13.662699626865672
k0uvr;12600000.0;1705600.0;4626.0;87308.0;28.572127415730336
kaansanity;79027200.0;10011300.0;71043.0;1770013.0;142.64106281777924
kaelimaee;5194100.0;790400.0;3060.0;30272.0;60.84312
kallmekris;3589400.0;690500.0;5125.0;38258.0;30.242174090909092
kallmewhateveryouwant;13700000.0;2094500.0;23963.0;93623.0;9.92690696969697
kane;50738100.0;6204853.0;56225.0;248225.0;180.29347826086956
kanebrown;3006600.0;404568.0;3607.0;6449.0;117.07900363636364
kangsoyeon_;6176100.0;785150.0;8134.0;20814.0;17.383356190476192
kanwal.135;88787400.0;5004100.0;30171.0;68485.0;34.629807346938776
karadenizli.maceraci;47131500.0;2963572.0;9283.0;144121.0;91.33568450404992
karenbarreraoficial;2385200.0;390698.0;770.0;11709.0;10.9395358
karenkardasha;32358500.0;3085854.0;15976.0;77154.0;28.900296363636365
karinateixeira21;1802.0;148.0;9.0;0.0;9.067874
karlwolfs;18203818.0;1135817.0;32659.0;48815.0;38.03708347826087
karna.val;8600000.0;1009600.0;7797.0;65826.0;17.09501088495575
karolg;59700000.0;8037000.0;28107.0;238900.0;72.76887209677419
karolsevillaokay;5073900.0;521500.0;2910.0;22164.0;18.59660870967742
katclark;4590900.0;814000.0;2889.0;24278.0;45.573791875
katelynrosebrown;20371200.0;1570500.0;7165.0;16585.0;51.05410273972603
katiavlogss;15200000.0;1501000.0;6358.0;59076.0;12.024577222222222
katiessigmond;46125800.0;5277500.0;25632.0;231118.0;57.14871052631579
katjakrasavice;3692200.0;454700.0;17087.0;21238.0;18.079491379310344
kaykai_ntch;3422400.0;501100.0;1684.0;11463.0;14.496474878048781
kaylamalecc;107105100.0;12644800.0;89903.0;455030.0;29.203951710526315
keemokazi;423514900.0;47112600.0;298465.0;3158946.0;117.14307775
kehlani;11100000.0;1598700.0;9280.0;74522.0;18.34341294117647
keirariff;48522600.0;10354200.0;47460.0;668717.0;55.42019923076923
keisyaleprongka;36572500.0;2580753.0;12278.0;107404.0;58.45490914285714
kekepalmer;792200.0;61163.0;338.0;1380.0;53.694743446327685
kemaluandemam;31870000.0;2683400.0;88239.0;178266.0;364.9947228144989
keniaos;20400000.0;3408000.0;36203.0;135600.0;18.114329764705882
kenti.best.boi;15188900.0;3092400.0;26797.0;237900.0;38.314709516129035
kervo.dolo;204300000.0;30900000.0;161600.0;1446800.0;2821.836385836386
kessel_nathan_official;6179400.0;651300.0;2400.0;46996.0;15.52541806451613
ketnipz;4921200.0;741900.0;1921.0;46522.0;46.65888282051282
khaby.lame;29608700.0;2118800.0;35319.0;69838.0;81.76753631355932
khairulaming;36200000.0;2858700.0;23248.0;460437.0;13.01578962264151
kieram.litchfield;86803047.0;9600276.0;54308.0;960033.0;29.748927887323944
kikakiim;6229600.0;530200.0;2017.0;46057.0;16.806865952380953
kimandnorth;41400000.0;4650900.0;0.0;105881.0;140.92665197530863
kimberly.loaiza;96200000.0;7934300.0;86000.0;392000.0;52.2565
kingbach;23503100.0;4863100.0;5682.0;235061.0;82.153426
kingrolluss;31325210.0;5571692.0;83050.0;176541.0;66.12723083333333
knzymyln__;91396300.0;4499565.0;26576.0;407887.0;25.96807911564626
koharotvreal;58331100.0;5228700.0;33439.0;136341.0;46.45189677419355
korean.comic;21531600.0;2342600.0;27142.0;454890.0;73.60523249872253
kpifthatscool;13884100.0;2471000.0;17986.0;58900.0;72.307495
kristy.sarah;249569700.0;34730800.0;137784.0;2345615.0;10958834.391304348
krizzsolano;3588948.0;460760.0;2230.0;52691.0;19.162644696132595
krysandkareem;255069900.0;23042500.0;110966.0;724006.0;38.865853076923074
kukombo;177001300.0;30535400.0;252022.0;1852918.0;20.621148815165878
kulinaria.recetas;85100000.0;13200000.0;54814.0;2120000.0;57.874896666666665
kunaguero;6265100.0;772200.0;3474.0;32579.0;34.29479588235294
kyliejenner;41300000.0;5580000.0;83739.0;191600.0;21.505459347826086
la_lerma;8428400.0;1168400.0;4216.0;68351.0;30.46228230769231
ladydianka;4626000.0;487800.0;5529.0;33283.0;15.094575714285714
ladyyasmina1;64893600.0;12515200.0;123272.0;693963.0;42.624207142857145
lamvlog;9513300.0;617300.0;4586.0;18744.0;19.727304819277105
lana_mohd89;30900000.0;1158600.0;16446.0;79558.0;34.998262608695654
lance210;557300000.0;27040400.0;229861.0;929800.0;298.8379338095238
landonbarkerr;20700000.0;1808800.0;5722.0;46084.0;39.00539645833334
larissagloor;6683300.0;1232129.0;13234.0;37930.0;40.8537856
lasrecetasdesimon;151793400.0;14610200.0;33282.0;2013600.0;67.46216620689655
lauralove5514;751500.0;144700.0;1054.0;3517.0;29.120018684210525
leahh;1899300.0;208900.0;4177.0;12309.0;29.142982166666666
leanadeeb;2393500.0;262300.0;4076.0;8948.0;24.343822105263158
lechilinh88;3123400.0;156451.0;0.0;4345.0;41.346536475409835
lee.cuong;4785400.0;99900.0;978.0;5964.0;19.269246363636363
leesiyoung38;3875900.0;331000.0;2007.0;9529.0;24.817039636363635
leigh_mcnasty;42501200.0;6776100.0;33619.0;429524.0;31.2123175
leleburnier;5657600.0;993200.0;6284.0;16844.0;32.71283669172932
leozitorocha1;22062000.0;2337800.0;35925.0;195501.0;42.63231765306122
letskwoowk;3861900.0;375241.0;5153.0;63011.0;37.48827294117647
lewiscapaldi;50900000.0;5236500.0;42574.0;231200.0;30.3906723943662
lexbra;6953100.0;325755.0;1022.0;18540.0;32.76765259259259
lexibrookerivera;43000000.0;6397000.0;44344.0;379400.0;54.36690823529412
lexihensler;52483100.0;7916200.0;17467.0;470733.0;39.84495744680851
liam_cast.oficial;14912300.0;1929400.0;3579.0;115347.0;25.634414520547946
liamcarps;7002400.0;643600.0;5762.0;31932.0;62.297681705426356
libardoisaza;27600000.0;3305700.0;22452.0;164600.0;18.12818857142857
lilhuhofficial;95091800.0;15158500.0;126602.0;778093.0;28.327698509933775
lilireinhart;1852200.0;268700.0;1219.0;6932.0;40.73338420289855
lilnasx;68190200.0;13266600.0;70869.0;583499.0;64.634285
lilyxgarcia;5562400.0;1243300.0;24689.0;57227.0;9.40105268292683
linatejeiro8;915900.0;24119.0;229.0;334.0;27.7032926
lionfieldmusic;27811800.0;2090337.0;12157.0;163008.0;52.14293203592814
lisa_luchetta;800000.0;150100.0;735.0;6994.0;18.743339504950495
lisef.alfio;31656300.0;1787400.0;5184.0;106985.0;346.3336806231743
livvyloveasmr;22812200.0;2151100.0;7749.0;271365.0;12.503892947658402
lizzza;24200000.0;3452600.0;10161.0;133600.0;43.85796454545454
logfive;4982100.0;735300.0;3665.0;28995.0;48.0983625
londokampung.official;913100.0;35341.0;287.0;1305.0;18.963665098039215
lordtrunks;1462200.0;256685.0;1345.0;21598.0;51.48936509259259
lorrayneoliveiraofc;1877800.0;151346.0;2070.0;7312.0;15.865047894736842
los_chicaneros;46000000.0;5749500.0;44794.0;358298.0;39.750552142857146
los_escachaitos;110229200.0;6637000.0;79731.0;889680.0;72.22170777777778
losariasbrothers;54725400.0;6334400.0;16190.0;471400.0;30.126592744479495
ltripping;70324.0;7500.0;108.0;908.0;32.300273469387754
luis_sal;4981500.0;738400.0;2511.0;41596.0;15.968538403361345
luismariz;3908600.0;780000.0;7577.0;37986.0;49.927695
lukas.urkijo;59200000.0;7196800.0;85212.0;520800.0;61.44379898734177
luvadepedreiro;21716600.0;2420600.0;25114.0;116354.0;17.251920952380953
lyodrabeneran;23336600.0;419535.0;1427.0;10965.0;20.389326153846152
mackenzieziegler;3259500.0;462800.0;1451.0;12023.0;77.30877113207548
madelineargy;23600000.0;1264700.0;1777.0;26052.0;33.394621546391754
mafia_x_villafuerte;5013.0;93.0;4.0;7.0;16.091903098591548
maiaknight;4332900.0;592797.0;1656.0;5135.0;48.47680423076923
makeup_rhk;46412800.0;5011300.0;7621.0;728682.0;51.60379291666667
maluborgesm;2432300.0;349800.0;6077.0;6976.0;53.53957306451613
mamalindy71;29506.0;1983.0;36.0;75.0;12.757116802721088
mammybanter;19603501.0;2475428.0;13132.0;156403.0;35.77282375
mandrake1984real;3979300.0;444700.0;3206.0;35108.0;26.01081901554404
manhtienkhoi_;45543700.0;3880200.0;26652.0;137886.0;22.135150975609758
manja_faiez;1265800.0;84657.0;1485.0;4730.0;19.272388095238096
marcel.ruiz;897000.0;179749.0;750.0;5423.0;9.406262972972973
marcelldegen;42900000.0;2428700.0;10559.0;73002.0;26.43038223880597
mariah_amato;18217800.0;3065500.0;14730.0;80471.0;83.38714333333333
marianagrimaldii;15255200.0;1666700.0;6039.0;88351.0;52.32845428571429
mariolcalderon;46457800.0;7315700.0;120407.0;216982.0;55.85977472222222
marionjola;617600.0;46219.0;305.0;1741.0;38.001034
marisol.viola;9726500.0;1659300.0;16734.0;109949.0;32.644372857142855
marlene2995;3382500.0;370400.0;1507.0;5026.0;31383.185185185186
marquis.culton;60806578.0;10200593.0;40782.0;521953.0;20.42421419117647
mas_nizar;2484800.0;314700.0;5270.0;16812.0;24.660358830083567
mastercorbuzier;86214300.0;6911500.0;87107.0;130490.0;29.730354462151393
mateuspesce;4624000.0;571567.0;8132.0;24400.0;27.3826128
matheuskriwat;30400000.0;3308500.0;72124.0;60156.0;24.43905868263473
matheusyurley;14198900.0;1482900.0;8004.0;47775.0;20.20679980392157
matt_mathews;19295700.0;2212530.0;33702.0;47462.0;92.51048462809918
matt_rife;181700000.0;25901600.0;73448.0;1867700.0;59.62298818181818
mattchessco;37100703.0;3001481.0;23650.0;78563.0;22.06447641025641
maurobarrionuevo;1207100.0;32159.0;144.0;14752.0;10.670158095238095
maxtaylorlifts;1784700.0;424400.0;1446.0;17324.0;15.276544078947369
maxthemeatguy;1058600.0;113300.0;495.0;4964.0;38.29071253521127
mclomaofficiall;4346912.0;647378.0;893.0;8429.0;42.97915904761905
mclya_;5770600.0;412200.0;1911.0;13868.0;138.89912393162393
mdmotivator;262440900.0;45519300.0;284833.0;2736317.0;607.0424276169265
mdrr05;14600000.0;454300.0;6985.0;18958.0;255.12247368421052
meawabel;41214400.0;6702231.0;30783.0;217225.0;47.44929945945946
meghantrainor;39400000.0;4441800.0;15468.0;114831.0;36.94638384615384
mei_asami_;8167300.0;763344.0;4129.0;70365.0;9.4854485
melfouad;4989800.0;535400.0;44278.0;22049.0;32.29040846666667
melmaia;4480600.0;919326.0;1579.0;41673.0;26.74695953488372
meninaquepinta;14931.0;1111.0;18.0;58.0;41.446879375
mesitaaa;3308600.0;431401.0;1400.0;19379.0;21.798300384768474
mexicocookingclub;98246900.0;10511300.0;47011.0;411000.0;28.91271149122807
miakhalifa;15500000.0;620400.0;7254.0;29010.0;11.314666153846154
michou_yt;7040900.0;907100.0;6157.0;30268.0;9.906665178571428
mieayamthebstt;21478500.0;1916500.0;5064.0;65824.0;60.6761105882353
miguelito_peru;69861100.0;6306361.0;55419.0;616172.0;766660.695652174
miguelmartinezoficial;248500.0;17205.0;251.0;431.0;26.816394
mikaelatesta;4044100.0;610100.0;2152.0;21876.0;32.40580571428571
mikaylahau;6409200.0;620700.0;10564.0;38782.0;30.43126940092166
mikaylanogueira;5206100.0;535400.0;3872.0;14658.0;65.24154333333334
miladmirg;5469600.0;509200.0;331.0;22758.0;65.98718427139553
millane;64188100.0;8268200.0;10601.0;460063.0;83.68978545454546
millyshaparoni;735600.0;124413.0;262.0;1654.0;501.2597840755736
mimiermakeup;1711400.0;202800.0;664.0;8653.0;10.012186470588235
minami.0819;18501500.0;935000.0;26505.0;42922.0;29.285328461538462
mirandaalol;163370800.0;19445500.0;109426.0;932800.0;41.108693571428574
mirceabravo;2611500.0;131300.0;1186.0;10078.0;14.601411353135314
mishayoung;5004800.0;243567.0;3672.0;16342.0;11.495247924528302
missdouaa.officiel;34500000.0;2494700.0;36785.0;91383.0;63.96009333333333
mistermainer;3978200.0;457101.0;2686.0;44866.0;17.00196580152672
mmmjoemele;10863100.0;1332900.0;9588.0;142292.0;18.949994594594596
mndiaye_97;55332400.0;6943700.0;34979.0;372468.0;33.33458596153846
mohaimen.alaa;46509754.0;2817569.0;83191.0;205377.0;66.280725625
mohamedmekawy;13818000.0;519700.0;1470.0;7181.0;20.48981263888889
mohm.nabeel;19073800.0;1007800.0;22676.0;83800.0;76.37829232283464
moisesturcioss;791300.0;85565.0;422.0;3971.0;39.72228196172249
montpantoja;33200000.0;4623100.0;7453.0;193700.0;34.01204508982036
moontell.that;18166.0;253.0;4.0;19.0;30.950861891891893
moosenyc;60810000.0;9980968.0;26147.0;682929.0;117.66037144938092
morgandrinkscoffee;991200.0;97300.0;600.0;6041.0;41.93894269565217
morganpresleyxo;5301000.0;735700.0;4535.0;19542.0;61.10423083333333
morimura;7233000.0;1449900.0;9214.0;103221.0;49.880425
mozzacella.cheez;3514989.0;614594.0;5586.0;53408.0;153.15497495826378
mrbeast;297300000.0;37842000.0;296752.0;2558400.0;43.15641216
mrcaqui;6310000.0;1178800.0;2636.0;48032.0;16.95801192982456
mrnigelng;130765700.0;17744600.0;37254.0;1452100.0;40.877544057971015
mrstiventc1977;9187500.0;112100.0;918.0;3414.0;38.80381677419355
ms.mawma.1;5654.0;609.0;33.0;18.0;82.605705
msquynhthie;133923400.0;15573700.0;50901.0;800337.0;515.2256847545219
msshiandmrhe;76893600.0;5229600.0;14391.0;483538.0;62.663529259259256
mult..fand0m;17469100.0;2396500.0;79938.0;180107.0;63.623222340425535
mumeixxx;95800000.0;5709200.0;41912.0;359753.0;69.61402623762376
murphslife;100100000.0;14460300.0;228644.0;487500.0;36.07731115384615
n.vv3;9297100.0;368500.0;6057.0;23186.0;84.88296580970051
na_rouch;23889700.0;2128187.0;9560.0;154134.0;43.77720894736842
nabela;74779300.0;9844000.0;89445.0;336334.0;55.15309055882353
nada_m7amed;7762500.0;659400.0;1683.0;26691.0;34.0412096069869
nadia;1790000.0;119300.0;782.0;7300.0;55.9992328
nadina_ioana;4814800.0;404000.0;1424.0;24915.0;16.221082413793102
naenano;1956700.0;267500.0;2368.0;9529.0;4.495898403796376
nalgalia.g;205405351.0;10700695.0;17740.0;520005.0;85.12659885714285
namemnjtv12;22814500.0;2421900.0;9240.0;134332.0;5.845431666666666
nancyajram;6849400.0;383173.0;3188.0;29435.0;43.45583652777778
nardwuar;9900000.0;1332800.0;3774.0;60792.0;42.482179736842106
narins.beauty_;7900000.0;513300.0;1512.0;27971.0;29.03187263888889
nathaliavalente;1504600.0;189400.0;546.0;6248.0;42.58030977777778
nazormaya;28312900.0;2299800.0;4912.0;74084.0;63.70849714285714
ne_4_;11700000.0;593300.0;8862.0;42394.0;82.0189837037037
nekoglai;96400000.0;7507500.0;113000.0;415600.0;29.011907407407406
nelysa_norazlan;59559000.0;3465366.0;9201.0;99438.0;129.92511284046694
nessaabarrett;9922100.0;1178400.0;4430.0;38680.0;17.39855
nhuchuu0909;12700000.0;474000.0;3185.0;21019.0;32.892250555555556
nia.ramadhani.bakrie;7684700.0;411266.0;2147.0;13648.0;38.47847608695652
niallhoran;20407000.0;1033900.0;13153.0;28751.0;155.348904
nianaguerrero;97600000.0;12449500.0;28725.0;693300.0;245.335274458173
nicktrawick3;3797900.0;679943.0;6422.0;24194.0;18.091173617021276
nicocaponecomedy;23200000.0;1099200.0;8649.0;89862.0;100.41044839285715
nicolassturniolo;4398500.0;907900.0;13763.0;68493.0;10.200315
nicolebloomgarden;25722900.0;6900000.0;49163.0;340400.0;20.853715531914894
nicollefigueroaa;218700000.0;14879600.0;71581.0;560800.0;40.90727513888889
nikicumerlato;2314300.0;267700.0;1622.0;18837.0;55.90496557142857
nikitawillyofficial;8408700.0;790124.0;2986.0;15151.0;157.25774822695035
nlechoppamusic;7268000.0;1352190.0;7961.0;122728.0;366.3934589041096
noeldeyzel_bodybuilder;7236300.0;619600.0;4027.0;35850.0;27.334568441558442
noelgoescrazy;583118700.0;28641600.0;114010.0;1172903.0;73.96417485507246
noeselmismo;4193400.0;622292.0;1005.0;59357.0;51.90748974137931
noholito;910200.0;154800.0;739.0;5735.0;10.468037534246575
notbehzinga;4021300.0;346977.0;1393.0;12448.0;49.55059779069767
notorious_foodie;229300000.0;18684600.0;74660.0;1934900.0;118.86798181818182
nouraridaofficial;12701900.0;770287.0;5632.0;44566.0;40.317105
nourmar5;2385900.0;148000.0;12757.0;8352.0;9.076435
nurse.johnn;40657400.0;6382500.0;111550.0;586868.0;44.6874424
oafonsopadilha;35500000.0;4841000.0;30126.0;154178.0;24.7368608
official_nct;5486300.0;1548600.0;10714.0;83818.0;10.77581268292683
officialbhafc;1692800.0;193486.0;1431.0;6353.0;26.203812266052406
oficialrc3;209079800.0;15025400.0;60942.0;537135.0;70.46786236842105
ogabrielfalcone;22212200.0;3550571.0;21714.0;135397.0;11.438291976744186
oironyoliveira;101005800.0;6479100.0;51066.0;171204.0;28.94512441860465
oldtimehawkey;8100000.0;1372000.0;10458.0;140600.0;34.928873714285714
oli_natu;1618500.0;237700.0;549.0;11961.0;31.707603424657535
olisboa;82434600.0;10760900.0;20865.0;446568.0;34.32428752747253
olivertree;408564900.0;34303378.0;285255.0;1017702.0;109.01384836734694
oliviergiroud;5982700.0;119300.0;1243.0;3104.0;17.345321764705883
omgitsmiahhhhh;19304000.0;3457800.0;11688.0;260578.0;57.336333125
onlyraisingkingsnyc;10012500.0;1286500.0;12446.0;54105.0;6086.364238410596
onwardwanna;4275500.0;818100.0;6573.0;50253.0;19.65254975903614
otakoyakisoba;98498274.0;14369484.0;66636.0;909565.0;46.249805555555554
outtpig;8401600.0;1355900.0;5619.0;61874.0;38.7876372
pablitocastilloo;4838600.0;486876.0;5729.0;20602.0;37.27768446236559
padillamarilis;50022133.0;2600784.0;28747.0;185606.0;12.751531466666666
paigetaylor.s_2;12257.0;775.0;15.0;28.0;50.471
pakoyaso_;4713100.0;391100.0;1558.0;12873.0;10.353353711340207
pandkourt;34600000.0;3492300.0;0.0;67224.0;39.886865679012345
patec_wariatec;2491000.0;330918.0;3556.0;18770.0;44.144587792207794
paupelaez_;54660600.0;7141220.0;57233.0;205283.0;35.22624894117647
paytonking;4964600.0;876500.0;8229.0;52943.0;16.69845347826087
pedrinhuol;50546900.0;4903782.0;12013.0;214525.0;441519.15652173915
pedroallann;2330900.0;490300.0;5530.0;16169.0;8.7762995
pedroarcafra;35728400.0;4304722.0;128081.0;173638.0;25.253872589285713
pete_pamana;68708300.0;6660600.0;120901.0;110924.0;22.02431629834254
petruskaksurtep;14560700.0;2034100.0;7393.0;189182.0;20.936125
philipdefranco;4077800.0;603400.0;11832.0;37950.0;21.84174839285714
philiptanasas;9528600.0;643000.0;3906.0;46442.0;65.77634852011973
phuonganhcun97;701100.0;50246.0;557.0;826.0;17.857852285714287
pierson;136010400.0;12086300.0;41051.0;577169.0;150.02862
pietro_morello;77534800.0;6745700.0;27659.0;819517.0;20.457932892561985
pimpiriya1;7713700.0;1200500.0;3130.0;44985.0;41.3561815
pinkpantheress;5743000.0;868000.0;6188.0;36394.0;58.014263666666665
pocaeve;30703236.0;3162800.0;25764.0;100700.0;47.17234295599524
politiqueando2.0;1215556.0;46899.0;1724.0;4130.0;39.83664434782609
pongamoslo_a_prueba;192100000.0;16699500.0;32904.0;914696.0;114.60262068965517
poorlifecx;4911100.0;256764.0;1780.0;14051.0;24.598609680851062
postmalone;49614300.0;5594900.0;19997.0;169612.0;25.971163088235294
priv_mav;17200000.0;2223800.0;3697.0;69103.0;30.227333333333334
prokhozhy;1877700.0;172500.0;1630.0;9390.0;22.81689411764706
q7cg;218712.0;5783.0;335.0;754.0;18.7099005
qamar_altaey;15393300.0;502700.0;16733.0;26423.0;34.243673789954336
qpark;418892900.0;40536600.0;256850.0;1107343.0;73023.01424352961
quyenleodaily;6435800.0;344800.0;1135.0;10352.0;48.35303625
rafaelsantos;120600000.0;17951700.0;161775.0;534200.0;32.12680319148936
raffi_nagita;519100.0;52149.0;560.0;1129.0;44.06676782051282
ramonvitor;26500000.0;3954400.0;36128.0;113900.0;88.50001647058824
raonyp;3542656.0;7677.0;118.0;297.0;35.433902037037036
raredoodle;84309200.0;16870300.0;150669.0;2367000.0;70.80490642857143
ratuauliaa22;6385100.0;701700.0;1850.0;18067.0;23.27973126126126
raulbazanm;6119300.0;604700.0;2507.0;24602.0;11.909111303418804
rauwalejandro;26000000.0;3432800.0;17458.0;138665.0;45.8780615
rayanfahmi;5771500.0;625700.0;2653.0;51021.0;30.01573375
realaa9skillz;1189400.0;191001.0;4310.0;13475.0;29.803576973684212
realfunnymarco;2418400.0;405556.0;3378.0;31699.0;62.67291201438849
realjayllnn;15500000.0;1315000.0;8024.0;105300.0;25.342216
realjohnmaggi;8168000.0;1057628.0;5627.0;106772.0;51.02465213768116
realnikocadoavocado;146400000.0;3761700.0;268401.0;303195.0;94.55286782608695
recider;6142000.0;978022.0;3631.0;89748.0;14.946149166666666
renpc_;133529300.0;12607173.0;79350.0;636176.0;57.74863842105263
retomiguel;148600000.0;12825200.0;49538.0;634700.0;50.627008260869566
riaricis;38399900.0;2766200.0;49961.0;164196.0;15.872101370967743
rifirdus;3763700.0;251800.0;3501.0;14827.0;44.21889407407407
ritaspam15;2289800.0;415300.0;898.0;31289.0;40.35171891719745
riumbau;8948500.0;839157.0;3762.0;63406.0;101.74911103424421
rl.carbona;4720300.0;538100.0;1795.0;34858.0;16.66588330645161
robert_frank615;9158900.0;1084096.0;15770.0;22917.0;68.56416826086956
rodigarrido;2897200.0;263415.0;903.0;12614.0;16.546132083333333
ronaldinho;320600000.0;24212300.0;59994.0;938239.0;132.28508321428572
roportajadam;7300000.0;451400.0;2978.0;33237.0;70.65951802168021
rosalia;421000000.0;37293700.0;169360.0;1559800.0;87.54839503105589
rowverytrinidad29;42147700.0;4452365.0;16229.0;115642.0;31.87638788617886
rreygrande;21900729.0;5100113.0;30502.0;340502.0;40.40838071428571
rubentuestaok;25900000.0;2289600.0;9161.0;129300.0;30.993184008438817
rucenuenda1;61700000.0;8306100.0;39106.0;366500.0;22.60101927272727
rug;57700000.0;7268600.0;56994.0;390700.0;33.42660291666667
ryan.maxwell22;2917100.0;414800.0;2397.0;30831.0;12.566885333333333
ryanbakery;8526300.0;755400.0;18292.0;26115.0;41.85462076754386
ryanhdlombard;15853658.0;2337365.0;4469.0;330502.0;52.61854837837838
ryanmackmusic;205800.0;23018.0;504.0;2327.0;22.423906826923076
sabrenorris;6150800.0;595800.0;7911.0;24581.0;6.955112307692308
sabrinacarpenter;59400000.0;4001000.0;12429.0;111500.0;18.954742459016394
sadiafza;10416300.0;1481700.0;10278.0;134428.0;16.082485212121213
sadieemckennaa;4730100.0;668182.0;1298.0;40851.0;21.767061228070176
sallyalawady1;4533200.0;309442.0;5825.0;19590.0;42.70898598484848
salzabilll_;13556600.0;1012931.0;2297.0;42381.0;42.937899375
samhurley;19110600.0;2338464.0;20179.0;70353.0;49.96987182272431
samii.rosee;90103806.0;12800597.0;44281.0;1483117.0;84.62844666666666
samsmith;9206800.0;758732.0;6319.0;17299.0;60.014573115349684
santiperezvivas;45700000.0;7104700.0;26718.0;406300.0;37.27558038461539
sanzone;928500.0;197600.0;421.0;8843.0;19.986051276595745
sara.wais;38200000.0;5118500.0;28172.0;149800.0;23.81356142857143
saraecheagaray;58484600.0;9979400.0;24592.0;446405.0;22.644449625
saraisthreads;30627500.0;5669500.0;14320.0;236290.0;86741.42415730337
saramohannad_;98600000.0;4898100.0;64850.0;190739.0;35.935980428571426
sarbeeston14748;12978.0;1474.0;3.0;42.0;42.76979189473684
sauud_70;5502500.0;226700.0;7493.0;19070.0;25.77522980302598
sbcoko;3626683.0;246673.0;2571.0;5152.0;12.865908869790822
sebasmorenooo;131500000.0;13329800.0;81173.0;668165.0;62.741556333333335
section_pull_up;22683909.0;1621955.0;29504.0;58628.0;62.064120661764704
selenagomez;135500000.0;15878900.0;83294.0;362597.0;42.1576485
self.videos;387800.0;32033.0;102.0;3692.0;11.9183188
senyamiku;22493200.0;1851500.0;13337.0;118367.0;70.93742
ser_jay;10465900.0;1937800.0;23109.0;167087.0;25.827654117647057
seventeen17_official;2126700.0;720100.0;6784.0;31867.0;47.26815305555556
shahdzn;1197600.0;77467.0;576.0;13746.0;33.71396191780822
shailasabt;30417500.0;628400.0;4967.0;64186.0;1088812.142857143
shakira;264562800.0;24037900.0;167877.0;1017911.0;109.038841875
shamichef21;13600000.0;372600.0;4414.0;41556.0;34.475440909090906
shammiltd;92322000.0;11302000.0;107012.0;395506.0;44.288898441558445
shaniamelia;4075600.0;564900.0;5290.0;30595.0;51.804025844930415
shayvise;52280600.0;4311000.0;17198.0;286767.0;58.61856875
shellyclouds;23811300.0;2606300.0;9216.0;223891.0;62.73323378854626
shenacinnamon;1677900.0;112252.0;806.0;2130.0;52.520044
sherifkhalid;2112000.0;259800.0;976.0;10088.0;13.14932
shira_flame;11912300.0;2352798.0;30250.0;369431.0;35.556346363636365
shoelover99;10786800.0;1095282.0;16554.0;23851.0;27.211325324675325
shxtsngigs;72882200.0;10191400.0;44395.0;621253.0;95.72911384615385
sidetalknyc;92640100.0;13907800.0;60899.0;1248989.0;37.658728253968256
siganviendo59;4724300.0;453300.0;2883.0;32037.0;61.21867619047619
sijad_qasim;63100000.0;2826700.0;42004.0;28701.0;8.155623320895522
simonservidamusic;7303000.0;637461.0;3161.0;60473.0;28.666664698795177
simxmargo;44100000.0;7308900.0;10922.0;2292300.0;30.21990512195122
siscakohl;85600000.0;7615200.0;46708.0;235795.0;26.450789789473685
sittnaing20;636700.0;94474.0;1231.0;2766.0;41.0390825
sjbleau;2021600.0;304000.0;947.0;14920.0;40.2187335
skythedogtrainer;21283300.0;2167490.0;2470.0;131281.0;3498.48033159948
slamminsammyswank;585000.0;110786.0;466.0;5979.0;38.71292777777778
slaterkodish;2760700.0;326000.0;811.0;22345.0;26.567569493333334
slick.stevie60744;10094300.0;1452400.0;11083.0;113534.0;66.84684647058823
smtown_official;6400000.0;1153100.0;10979.0;39433.0;79.43543383333333
snoopdogg;2027900.0;177900.0;3493.0;6819.0;14.252317894736843
soimah_pancawati;42400000.0;3037200.0;51775.0;132716.0;42.68833102564103
sonrixs_;10176800.0;1047100.0;3900.0;70533.0;1193.1913861386138
sorrisoda2_scdr;195100.0;22894.0;68.0;1354.0;25.96864303030303
soy_marcela4;7844100.0;1242400.0;2364.0;55947.0;27.657864520547946
soysuco;69657700.0;5295800.0;122652.0;428000.0;39.147573333333334
spencer_serafica;14800000.0;2122700.0;14637.0;178200.0;25.492837
spicyycam_;100852500.0;12907567.0;42891.0;415075.0;7191.5295035460995
spriteder_spd;40100000.0;3681400.0;6396.0;171100.0;10.661148468468468
sptrakori_;3794800.0;401500.0;6301.0;24310.0;43.70847033333333
sromero29;973200.0;23237.0;272.0;3615.0;57.25044404255319
stephano_kohel;36725200.0;2267229.0;4144.0;111693.0;51.623276346153844
steveioe;8710700.0;1094413.0;5871.0;37113.0;32.041244
steven_he;51471300.0;9608192.0;52563.0;556862.0;21.59454513888889
stickyboy69;144700000.0;22147800.0;564223.0;952800.0;38.65711980769231
strangehuman;12400000.0;1852300.0;8966.0;98300.0;28.056383876404496
sturniolo.triplets;7000000.0;1193900.0;22832.0;131600.0;12.15961756097561
suavexavier;5287500.0;607000.0;5101.0;48189.0;20.6836625
surthycooks;194902200.0;24404300.0;98205.0;923797.0;36.35219276041666
swagboygorringe;47200000.0;6882100.0;83000.0;626500.0;273.79201169020945
syifahadjuuuuuuu;24411000.0;2271634.0;5839.0;102795.0;95.7684788478848
szivsz;3372300.0;354720.0;2513.0;20200.0;23.23156395752896
t0edirt;27121231.0;5608971.0;23152.0;163527.0;24.136690291262134
tabithaswatosh;9391600.0;1620357.0;2442.0;86829.0;22.191174776119404
tai.tl2;34424800.0;5804672.0;27714.0;520420.0;53.397382962962965
tanboykun_asli;181845900.0;12243600.0;57480.0;454680.0;84.94104482758621
tangmokoko;40400000.0;3157400.0;23399.0;52811.0;30.54616530612245
tariqjamilofcl;219700.0;45137.0;600.0;2291.0;47.913329175824174
tarynbeeman2;6531.0;83.0;8.0;2.0;32.44686703703704
tasyafarasya;883600.0;74553.0;914.0;971.0;16.195852857142857
taulanytvofficial;161109.0;10277.0;165.0;215.0;35.64139544117647
taylorrandsoph;23610400.0;3174300.0;23829.0;158214.0;30.7531963507109
taylorswift;89500000.0;14700000.0;233500.0;755900.0;67.19293333333333
tekotok.official;1251100.0;77565.0;394.0;3142.0;18.371580869565218
terjiah_loui;847000.0;203200.0;660.0;14686.0;18.116486373165618
teukuryantr;45396400.0;4409939.0;30949.0;67099.0;24.28821798657718
thallyssonsb;11449500.0;1747000.0;20186.0;65571.0;56.35971423076923
thanhdoanshop;4589800.0;145790.0;2180.0;5551.0;48.19668717948718
thatgoldendog;19208931.0;3601237.0;11940.0;146870.0;47.36965972972973
thatlittlepuff;482911600.0;33001402.0;131873.0;966558.0;59.81181346456693
thaycouuto;31117100.0;4282789.0;27100.0;140514.0;12.93553260115607
the.sign.guy;212469500.0;28411500.0;75970.0;1231110.0;57.21484565217391
theacefamily;7639100.0;708700.0;0.0;16808.0;42.12992333333333
thebandmcmillan948;6468.0;481.0;2.0;11.0;13.437600434782608
thebenjishow;31500000.0;4675400.0;15215.0;354600.0;110.76415357142857
thebrandonrobert;49501600.0;5033300.0;15363.0;220418.0;88.45103521739131
thecordlefamily;71035000.0;6996600.0;39069.0;294235.0;54.35061058823529
thecoreyb;14014100.0;1777300.0;11240.0;270872.0;70.09991190697674
thedarcymichael;41360300.0;6209246.0;30304.0;179453.0;45.398515970149255
thehealchef;4219500.0;634200.0;2800.0;116221.0;41.26070027777778
thehypehouse;20000000.0;643056.0;569.0;13030.0;26.387428095238096
thejoeyswoll;37069300.0;10500000.0;70089.0;463300.0;31.26362964912281
thekapelariz;96019300.0;13202327.0;114812.0;652382.0;28.452265755395683
thekatehudson;14143200.0;1330300.0;10839.0;29717.0;18.525966153846152
thelandofboggs;7995700.0;1112600.0;4178.0;110575.0;29.290691904761903
thelondoncharles;7400000.0;1175900.0;10655.0;125800.0;24.564294827586206
thenursery_nurse;2540800.0;485500.0;1992.0;17556.0;48.807220125786166
theofficecurrently;6558200.0;573371.0;2262.0;31222.0;21.284229285714286
theovon;75202100.0;7773200.0;44191.0;357102.0;22.718818717948718
thepsh8;19000000.0;2778800.0;15847.0;161300.0;52.30864212971235
therealemilylin;96461.0;11319.0;58.0;294.0;23.081682310469315
therealhammytv;75880600.0;2811860.0;39319.0;153511.0;60.686715
therock;5310500.0;750300.0;6562.0;37281.0;92.93379227272727
theshabakitchen;2424100.0;50935.0;903.0;20804.0;252.7666935483871
thethinktok;239800.0;15371.0;168.0;1242.0;27.50360513833992
thewizardliz;5630700.0;674100.0;1756.0;83488.0;17.732104242424242
thezachchoi;104352000.0;2813188.0;6362.0;399403.0;49.50287592592593
thinhung99;3060900.0;269500.0;9705.0;16610.0;14.691728977272728
thruhikers;1286400.0;130088.0;221.0;2170.0;10.992527333333333
tifannylm;28600000.0;3778400.0;10748.0;134445.0;36.09862657142857
tina042_;26787.0;238.0;9.0;54.0;5.4889761904761905
tonyeffebaby777;6408100.0;748400.0;5291.0;34232.0;47.84466365517241
tonylopez;6878600.0;1218700.0;4396.0;77700.0;112.73576119402985
tooturnttonyy20;454900.0;15351.0;219.0;764.0;700.8847926267281
topperguild;386500.0;24260.0;180.0;1707.0;87.62671628205128
trevorwallace;58421200.0;9706800.0;21183.0;452239.0;17.3459496
tuckerbudzyn;164282200.0;26821800.0;176012.0;972592.0;57.84437302325581
tuckot;11707300.0;1807800.0;6243.0;157631.0;65.86802717237475
turmadavalzinhaoficial;121318400.0;8502471.0;138032.0;260898.0;62.665772625698324
twice_tiktok_officialjp;2630400.0;533900.0;3662.0;27528.0;29.026931666666666
twinny__girls;609800.0;43743.0;393.0;1633.0;12.969043473684211
twitchtok7;63700000.0;4744000.0;117434.0;132537.0;46.134780086956525
twomannn;3678000.0;262300.0;1406.0;11467.0;28.136337857142856
txt.bighitent;21200000.0;5518200.0;97100.0;514900.0;10.410140845070423
tyshonlawrence;1799300.0;334500.0;13246.0;31808.0;14.264887692307692
ugolord;243287400.0;14109689.0;322761.0;380937.0;1159.0384702017832
ujoaozinho;36200000.0;4137300.0;4509.0;140531.0;31.659690322580644
una_arana;48101108.0;2933536.0;4531.0;162501.0;58.856254054054055
unnecessaryinventions;82019400.0;9033400.0;68622.0;327879.0;38.5535164516129
urbantheory_;487728300.0;46302730.0;214482.0;1452594.0;103.58505371428572
usablaucomedyy;860.0;32.0;0.0;1.0;35.74381051282051
user349747676;197.0;17.0;0.0;0.0;24.785199777777777
ustazebitlew;116661000.0;9758300.0;212491.0;112198.0;132.047605
vanessalopesr;299341000.0;20058100.0;121928.0;728198.0;89.42645857142857
vhackerr;22900000.0;4963000.0;29601.0;321200.0;35.71832745454545
vi_enz;1028.0;12.0;2.0;0.0;52.68434605263158
vibin.wit.tay;114800000.0;18600200.0;113507.0;1263900.0;194.11148004987533
victormelo;89144200.0;7226300.0;52143.0;143031.0;34.79996483146068
victtoriamedeirosm;111600.0;2467.0;34.0;344.0;25.66056514285714
vida.perruna;37512000.0;5545300.0;28212.0;208864.0;39.13246448979592
vidhia_r;72470600.0;5918500.0;79649.0;52569.0;25.0002818
vietphuongthoa98;8972400.0;565100.0;5280.0;14387.0;44.261378
vincentgiganteee;74409900.0;9502800.0;38542.0;492903.0;165.55953876909896
vinhlion77777;41614700.0;2506753.0;5795.0;10335.0;19197.75564776395
vipmotorsuae;89104000.0;5394534.0;36111.0;308682.0;32.637018235294114
virginiafonseca;3203600.0;383500.0;0.0;6971.0;18.487280967741935
vlad_shevchenko;655800.0;67800.0;307.0;3014.0;30.367165603448274
vonnyfelicia;18267300.0;1257900.0;11798.0;74066.0;10.913200634920635
voronina_valeria_;327831700.0;29501676.0;123218.0;1350862.0;887.559907359753
werenotreallystrangers;96314200.0;9034983.0;59602.0;689696.0;57.91091795918367
whatslucasup2;89398358.0;6658293.0;68078.0;566723.0;24.50828975
wigofellas;541225100.0;41306490.0;282848.0;788780.0;114.62968876712328
williamlast_krm;529262700.0;23658900.0;297391.0;1468412.0;273.3602186956522
williesalim;6807500.0;350100.0;10271.0;17213.0;21.421426813186812
willsmith;9604500.0;717300.0;157.0;21234.0;33.84771722222222
winnermaxyt;120969000.0;7450400.0;25111.0;496210.0;159.44574636363637
winniedom;2212500.0;360511.0;2841.0;17423.0;23.54635596330275
wisdm8;17959900.0;3037305.0;32342.0;243108.0;29.274169642857142
wuesilva;3652100.0;410300.0;2401.0;25131.0;20.427189090909092
www.luluca;11573700.0;2078400.0;26446.0;128817.0;32.14912507246377
xelitobelek;6600000.0;787700.0;337975.0;60100.0;37.65189492753623
xibibrothers;168964400.0;14605300.0;93217.0;374683.0;343.97664670658685
xuleo.79;4408200.0;129600.0;1725.0;2115.0;102.38778242677824
xxlechuga;1217000.0;218900.0;1344.0;12946.0;22.271392105263157
yailinlamasviraloficial;600864.0;14426.0;395.0;570.0;19.49415012630819
yano4kaa.aaa;1924700.0;326200.0;597.0;50639.0;33.32187428571429
yasincengiz38;794100000.0;31716100.0;252909.0;1732348.0;353.4431920689655
yass_ootd;300000000.0;37471800.0;122220.0;2814600.0;90.66751707317073
yazidzohri;18700000.0;1402600.0;214690.0;102702.0;61.205264761904765
yefersoncossio;10700000.0;862900.0;1970.0;28309.0;50.643924375
yerimuaa;17000000.0;3319300.0;44300.0;145989.0;40.54248865591398
yesimresmi1;6861300.0;348800.0;1915.0;24285.0;48.390151515151516
ygnazz;932100.0;106900.0;1095.0;11166.0;31.134025555555557
yonumo;2789600.0;477700.0;1682.0;77398.0;38.688496774193545
youngji_02;13195700.0;1935300.0;10081.0;68756.0;78.859085625
ytietofficial;2399300.0;142143.0;2386.0;9247.0;136.9754657210402
yunggravy;108780700.0;5143600.0;51960.0;222732.0;142.97575042158516
yura.yunita;47725000.0;6505000.0;31956.0;479482.0;27.56208217142857
yurielkysojeda;2407400.0;456400.0;2189.0;20451.0;33.847085
yurilamasbella31729;9485.0;344.0;19.0;12.0;17.0886895
yurinya1128;49400000.0;1765200.0;11777.0;74426.0;25.27974690140845
yvesbissonsturgeonco;105426000.0;7702291.0;100445.0;271319.0;36.86426054054054
yzn47;438300000.0;17689100.0;185042.0;633259.0;27.575653607142858
zachking;-1647067296.0;50952200.0;666597.0;1704845.0;-990.18490875
zachlanebryan170;2640.0;27.0;0.0;7.0;11.182419772727274
zainah.mb;7586300.0;1152500.0;6358.0;72898.0;11.200957931034482
zamirrvillamil;2646200.0;400200.0;1173.0;30221.0;4.0649153012048185
zeejkt48;20000000.0;1253000.0;7977.0;100679.0;16.151354074074074
zharif.dk;27000000.0;2451500.0;14400.0;376638.0;29.784799795918367
zhcyt;29340800.0;4478900.0;13188.0;295260.0;20.65080150943396
zodiac.boyfriend;20100000.0;2387100.0;41621.0;243600.0;75.2426105
zona.mello;43700000.0;2194500.0;5603.0;193900.0;84.9996176923077
zusjeofficial;152804300.0;11933800.0;48112.0;251945.0;4116.2401340482575
zzri9a;3275200.0;188600.0;3067.0;9090.0;22.566926258064516
